filename,city_name,city_code,map_name,coordinate,version,sokuti_hanbetu,conv_pgm,conv_pgm_version,conv_pgm_param_version,numbers_of_zukaku
46201-3400-1.zip,鹿児島市,46201,伊敷3丁目,公共座標2系,ver1.0,測量,,,,1
46201-3400-10.zip,鹿児島市,46201,伊敷町Ｃ,任意座標系,ver1.0,,,,,21
46201-3400-100.zip,鹿児島市,46201,吉田町１９９３年,公共座標2系,ver1.0,変換,TKY2JGD,1.3.77,2.0.6,10
46201-3400-101.zip,鹿児島市,46201,吉田町１９９４年,公共座標2系,ver1.0,変換,TKY2JGD,1.3.77,2.0.6,9
46201-3400-102.zip,鹿児島市,46201,吉田町１９９５年Ａ,公共座標2系,ver1.0,変換,TKY2JGD,1.3.77,2.0.6,9
46201-3400-103.zip,鹿児島市,46201,吉田町本名,公共座標2系,ver1.0,変換,TKY2JGD,1.3.77,2.0.6,87
46201-3400-104.zip,鹿児島市,46201,吉田町１９９５年Ｂ,公共座標2系,ver1.0,変換,TKY2JGD,1.3.77,2.0.6,12
46201-3400-105.zip,鹿児島市,46201,吉田町１９９５年Ｃ,公共座標2系,ver1.0,変換,TKY2JGD,1.3.77,2.0.6,1
46201-3400-106.zip,鹿児島市,46201,吉田町西佐多浦,公共座標2系,ver1.0,変換,TKY2JGD,1.3.77,2.0.6,3
46201-3400-107.zip,鹿児島市,46201,吉田町１９９６年,公共座標2系,ver1.0,変換,TKY2JGD,1.3.77,2.0.6,4
46201-3400-108.zip,鹿児島市,46201,吉田町本城本名,公共座標2系,ver1.0,変換,TKY2JGD,1.3.77,2.0.6,141
46201-3400-109.zip,鹿児島市,46201,吉田町本名（１９９５年調査地区）,公共座標2系,ver1.0,変換,TKY2JGD,1.3.77,2.0.6,86
46201-3400-11.zip,鹿児島市,46201,伊敷町Ｄ,任意座標系,ver1.0,,,,,19
46201-3400-110.zip,鹿児島市,46201,吉田町本名Ａ,公共座標2系,ver1.0,変換,TKY2JGD,1.3.77,2.0.6,79
46201-3400-111.zip,鹿児島市,46201,吉田町本名宮之浦の一部,公共座標2系,ver1.0,変換,TKY2JGD,1.3.77,2.0.6,89
46201-3400-112.zip,鹿児島市,46201,吉田町本名第１工区Ａ,公共座標2系,ver1.0,変換,TKY2JGD,1.3.77,2.0.6,2
46201-3400-113.zip,鹿児島市,46201,吉田町本名第１工区Ｂ,公共座標2系,ver1.0,変換,TKY2JGD,1.3.77,2.0.6,36
46201-3400-114.zip,鹿児島市,46201,吉田町本名第２工区,公共座標2系,ver1.0,変換,TKY2JGD,1.3.77,2.0.6,37
46201-3400-115.zip,鹿児島市,46201,吉田町本名南丸,公共座標2系,ver1.0,変換,TKY2JGD,1.3.77,2.0.6,5
46201-3400-116.zip,鹿児島市,46201,吉野町・大明ヶ丘１～３丁目,任意座標系,ver1.0,,,,,11
46201-3400-117.zip,鹿児島市,46201,吉野町（０６９ー１５４１）,任意座標系,ver1.0,,,,,4
46201-3400-118.zip,鹿児島市,46201,吉野町１８Ａ０１,任意座標系,ver1.0,,,,,1
46201-3400-119.zip,鹿児島市,46201,吉野町Ａ,任意座標系,ver1.0,,,,,14
46201-3400-12.zip,鹿児島市,46201,伊敷町Ｅ,任意座標系,ver1.0,,,,,16
46201-3400-120.zip,鹿児島市,46201,吉野町Ｃ,任意座標系,ver1.0,,,,,29
46201-3400-121.zip,鹿児島市,46201,吉野町Ｅ,任意座標系,ver1.0,,,,,28
46201-3400-122.zip,鹿児島市,46201,吉野町Ｇ,任意座標系,ver1.0,,,,,25
46201-3400-123.zip,鹿児島市,46201,吉野町Ｋ,任意座標系,ver1.0,,,,,25
46201-3400-124.zip,鹿児島市,46201,吉野町Ｍ,任意座標系,ver1.0,,,,,26
46201-3400-125.zip,鹿児島市,46201,吉野町Ｎ,任意座標系,ver1.0,,,,,25
46201-3400-126.zip,鹿児島市,46201,吉野町Ｏ２,任意座標系,ver1.0,,,,,24
46201-3400-127.zip,鹿児島市,46201,吉野町Ｑ,任意座標系,ver1.0,,,,,1
46201-3400-128.zip,鹿児島市,46201,吉野町Ｒ,任意座標系,ver1.0,,,,,1
46201-3400-129.zip,鹿児島市,46201,吉野町Ｓ,公共座標2系,ver1.0,変換,TKY2JGD,1.3.77,2.0.6,4
46201-3400-13.zip,鹿児島市,46201,伊敷町Ｆ,任意座標系,ver1.0,,,,,21
46201-3400-130.zip,鹿児島市,46201,吉野町Ｔ,任意座標系,ver1.0,,,,,3
46201-3400-131.zip,鹿児島市,46201,久木田下門地区土地改良,公共座標2系,ver1.0,変換,TKY2JGD,1.3.77,2.0.6,12
46201-3400-132.zip,鹿児島市,46201,宮之浦・牟礼岡２丁目・３丁目,公共座標2系,ver1.0,変換,TKY2JGD,1.3.77,2.0.6,24
46201-3400-133.zip,鹿児島市,46201,宮之浦Ａ,公共座標2系,ver1.0,変換,TKY2JGD,1.3.77,2.0.6,43
46201-3400-134.zip,鹿児島市,46201,宮之浦Ｂ,公共座標2系,ver1.0,変換,TKY2JGD,1.3.77,2.0.6,25
46201-3400-135.zip,鹿児島市,46201,宮之浦Ｃ,公共座標2系,ver1.0,変換,TKY2JGD,1.3.77,2.0.6,64
46201-3400-136.zip,鹿児島市,46201,宮之浦Ｄ,公共座標2系,ver1.0,変換,TKY2JGD,1.3.77,2.0.6,10
46201-3400-137.zip,鹿児島市,46201,宮之浦Ｆ,公共座標2系,ver1.0,変換,TKY2JGD,1.3.77,2.0.6,45
46201-3400-138.zip,鹿児島市,46201,宮之浦Ｇ,公共座標2系,ver1.0,変換,TKY2JGD,1.3.77,2.0.6,4
46201-3400-139.zip,鹿児島市,46201,宮之浦Ｈ,公共座標2系,ver1.0,変換,TKY2JGD,1.3.77,2.0.6,4
46201-3400-14.zip,鹿児島市,46201,伊敷町Ｇ,任意座標系,ver1.0,,,,,22
46201-3400-140.zip,鹿児島市,46201,宮之浦Ｉ,公共座標2系,ver1.0,変換,TKY2JGD,1.3.77,2.0.6,8
46201-3400-141.zip,鹿児島市,46201,宮之浦字小柳・龍木・谷口・川原・他,公共座標2系,ver1.0,変換,TKY2JGD,1.3.77,2.0.6,10
46201-3400-142.zip,鹿児島市,46201,宮之浦字鳥居原坂下・長迫ノ下・井手山・他,任意座標系,ver1.0,,,,,16
46201-3400-143.zip,鹿児島市,46201,宮之浦町１８Ａ０１,任意座標系,ver1.0,,,,,19
46201-3400-144.zip,鹿児島市,46201,魚見町Ａ,任意座標系,ver1.0,,,,,6
46201-3400-145.zip,鹿児島市,46201,玉里団地・他,任意座標系,ver1.0,,,,,9
46201-3400-146.zip,鹿児島市,46201,錦江台１～３丁目,任意座標系,ver1.0,,,,,24
46201-3400-147.zip,鹿児島市,46201,錦江町,任意座標系,ver1.0,,,,,10
46201-3400-148.zip,鹿児島市,46201,郡元一丁目,任意座標系,ver1.0,,,,,6
46201-3400-149.zip,鹿児島市,46201,郡元町,任意座標系,ver1.0,,,,,8
46201-3400-15.zip,鹿児島市,46201,稲荷町・鼓川町・清水町,任意座標系,ver1.0,,,,,3
46201-3400-150.zip,鹿児島市,46201,郡元町・鴨池町Ａ,任意座標系,ver1.0,,,,,12
46201-3400-151.zip,鹿児島市,46201,郡元町・鴨池町Ｂ,任意座標系,ver1.0,,,,,22
46201-3400-152.zip,鹿児島市,46201,郡元町Ａ,任意座標系,ver1.0,,,,,14
46201-3400-153.zip,鹿児島市,46201,郡元町Ｂ,任意座標系,ver1.0,,,,,3
46201-3400-154.zip,鹿児島市,46201,郡元二丁目,任意座標系,ver1.0,,,,,2
46201-3400-155.zip,鹿児島市,46201,郡山町１８Ａ０１,公共座標2系,ver1.0,測量,,,,2
46201-3400-156.zip,鹿児島市,46201,郡山町１９７３（１／１０００）,公共座標2系,ver1.0,変換,TKY2JGD,1.3.77,2.0.6,37
46201-3400-157.zip,鹿児島市,46201,郡山町１９７３（１／５００）,公共座標2系,ver1.0,変換,TKY2JGD,1.3.77,2.0.6,28
46201-3400-158.zip,鹿児島市,46201,郡山町獄,公共座標2系,ver1.0,変換,TKY2JGD,1.3.77,2.0.6,3
46201-3400-159.zip,鹿児島市,46201,郡山町１９７７（１／５００）,公共座標2系,ver1.0,変換,TKY2JGD,1.3.77,2.0.6,10
46201-3400-16.zip,鹿児島市,46201,宇宿・紫原・田上町,公共座標2系,ver1.0,変換,TKY2JGD,1.3.77,2.0.6,6
46201-3400-160.zip,鹿児島市,46201,郡山町１９７８,公共座標2系,ver1.0,変換,TKY2JGD,1.3.77,2.0.6,57
46201-3400-161.zip,鹿児島市,46201,郡山町１９８０Ａ,公共座標2系,ver1.0,変換,TKY2JGD,1.3.77,2.0.6,9
46201-3400-162.zip,鹿児島市,46201,郡山町１９８０Ｂ,公共座標2系,ver1.0,変換,TKY2JGD,1.3.77,2.0.6,57
46201-3400-163.zip,鹿児島市,46201,郡山町１９８２,公共座標2系,ver1.0,変換,TKY2JGD,1.3.77,2.0.6,44
46201-3400-164.zip,鹿児島市,46201,郡山町１９８３,公共座標2系,ver1.0,変換,TKY2JGD,1.3.77,2.0.6,56
46201-3400-165.zip,鹿児島市,46201,郡山町１９８４Ａ,公共座標2系,ver1.0,変換,TKY2JGD,1.3.77,2.0.6,5
46201-3400-166.zip,鹿児島市,46201,犬迫町,任意座標系,ver1.0,,,,,5
46201-3400-167.zip,鹿児島市,46201,郡山町１９８４Ｂ,公共座標2系,ver1.0,測量,,,,45
46201-3400-168.zip,鹿児島市,46201,郡山町１９８４Ｃ,公共座標2系,ver1.0,測量,,,,9
46201-3400-169.zip,鹿児島市,46201,郡山町１９８４Ｄ,公共座標2系,ver1.0,変換,TKY2JGD,1.3.77,2.0.6,5
46201-3400-17.zip,鹿児島市,46201,宇宿三丁目,任意座標系,ver1.0,,,,,8
46201-3400-170.zip,鹿児島市,46201,郡山町１９８６,公共座標2系,ver1.0,変換,TKY2JGD,1.3.77,2.0.6,14
46201-3400-171.zip,鹿児島市,46201,郡山町１９８７Ａ,公共座標2系,ver1.0,変換,TKY2JGD,1.3.77,2.0.6,6
46201-3400-172.zip,鹿児島市,46201,郡山町１９８７Ｂ,公共座標2系,ver1.0,変換,TKY2JGD,1.3.77,2.0.6,7
46201-3400-173.zip,鹿児島市,46201,郡山町１９８７Ｃ,公共座標2系,ver1.0,変換,TKY2JGD,1.3.77,2.0.6,9
46201-3400-174.zip,鹿児島市,46201,郡山町１９８７Ｄ,公共座標2系,ver1.0,変換,TKY2JGD,1.3.77,2.0.6,42
46201-3400-175.zip,鹿児島市,46201,郡山町１９８８Ａ,公共座標2系,ver1.0,変換,TKY2JGD,1.3.77,2.0.6,11
46201-3400-176.zip,鹿児島市,46201,郡山町１９８８Ｂ,公共座標2系,ver1.0,変換,TKY2JGD,1.3.77,2.0.6,3
46201-3400-177.zip,鹿児島市,46201,郡山町１９８８Ｃ,公共座標2系,ver1.0,変換,TKY2JGD,1.3.77,2.0.6,3
46201-3400-178.zip,鹿児島市,46201,郡山町１９８９,公共座標2系,ver1.0,変換,TKY2JGD,1.3.77,2.0.6,9
46201-3400-179.zip,鹿児島市,46201,郡山町１９９１Ａ,公共座標2系,ver1.0,変換,TKY2JGD,1.3.77,2.0.6,8
46201-3400-18.zip,鹿児島市,46201,宇宿町119-81C,任意座標系,ver1.0,,,,,1
46201-3400-180.zip,鹿児島市,46201,郡山町１９９１Ｂ,公共座標2系,ver1.0,変換,TKY2JGD,1.3.77,2.0.6,6
46201-3400-181.zip,鹿児島市,46201,郡山町１９９２Ａ,公共座標2系,ver1.0,変換,TKY2JGD,1.3.77,2.0.6,7
46201-3400-182.zip,鹿児島市,46201,郡山町１９９２Ｂ,公共座標2系,ver1.0,変換,TKY2JGD,1.3.77,2.0.6,3
46201-3400-183.zip,鹿児島市,46201,郡山町１９９３,公共座標2系,ver1.0,変換,TKY2JGD,1.3.77,2.0.6,4
46201-3400-184.zip,鹿児島市,46201,郡山町１９９６Ａ,公共座標2系,ver1.0,変換,TKY2JGD,1.3.77,2.0.6,13
46201-3400-185.zip,鹿児島市,46201,郡山町１９９６Ｂ,公共座標2系,ver1.0,変換,TKY2JGD,1.3.77,2.0.6,8
46201-3400-186.zip,鹿児島市,46201,郡山町１９９６Ｃ,公共座標2系,ver1.0,変換,TKY2JGD,1.3.77,2.0.6,9
46201-3400-187.zip,鹿児島市,46201,郡山町１９９７Ａ,公共座標2系,ver1.0,変換,TKY2JGD,1.3.77,2.0.6,5
46201-3400-188.zip,鹿児島市,46201,郡山町１９９７Ｂ,公共座標2系,ver1.0,変換,TKY2JGD,1.3.77,2.0.6,3
46201-3400-189.zip,鹿児島市,46201,郡山町２００２Ａ,公共座標2系,ver1.0,変換,TKY2JGD,1.3.77,2.0.6,55
46201-3400-19.zip,鹿児島市,46201,宇宿町Ｃ,任意座標系,ver1.0,,,,,7
46201-3400-190.zip,鹿児島市,46201,郡山町２００２Ｂ,公共座標2系,ver1.0,変換,TKY2JGD,1.3.77,2.0.6,23
46201-3400-191.zip,鹿児島市,46201,郡山町２００２Ｃ,公共座標2系,ver1.0,変換,TKY2JGD,1.3.77,2.0.6,9
46201-3400-192.zip,鹿児島市,46201,郡山町２００４,公共座標2系,ver1.0,測量,,,,10
46201-3400-193.zip,鹿児島市,46201,犬迫町１８Ａ０１,公共座標2系,ver1.0,測量,,,,4
46201-3400-194.zip,鹿児島市,46201,犬迫町１Ａ,任意座標系,ver1.0,,,,,9
46201-3400-195.zip,鹿児島市,46201,犬迫町１Ｂ,任意座標系,ver1.0,,,,,39
46201-3400-196.zip,鹿児島市,46201,犬迫町１Ｃ,任意座標系,ver1.0,,,,,48
46201-3400-197.zip,鹿児島市,46201,犬迫町１Ｄ,任意座標系,ver1.0,,,,,57
46201-3400-198.zip,鹿児島市,46201,犬迫町１Ｅ,任意座標系,ver1.0,,,,,60
46201-3400-199.zip,鹿児島市,46201,犬迫町Ａ,公共座標2系,ver1.0,変換,TKY2JGD,1.3.77,2.0.6,4
46201-3400-2.zip,鹿児島市,46201,松浦,任意座標系,ver1.0,,,,,1
46201-3400-20.zip,鹿児島市,46201,宇宿町Ｄ,任意座標系,ver1.0,,,,,23
46201-3400-200.zip,鹿児島市,46201,犬迫町Ｂ,任意座標系,ver1.0,,,,,3
46201-3400-201.zip,鹿児島市,46201,原良第一地区土地区画整理,公共座標2系,ver1.0,変換,TKY2JGD,1.3.77,2.0.6,31
46201-3400-202.zip,鹿児島市,46201,原良町Ｂ,任意座標系,ver1.0,,,,,1
46201-3400-203.zip,鹿児島市,46201,古里町,任意座標系,ver1.0,,,,,24
46201-3400-204.zip,鹿児島市,46201,鼓川町,任意座標系,ver1.0,,,,,3
46201-3400-205.zip,鹿児島市,46201,五ヶ別府町086-952,公共座標2系,ver1.0,測量,,,,1
46201-3400-206.zip,鹿児島市,46201,五ヶ別府町Ａ,公共座標2系,ver1.0,変換,TKY2JGD,1.3.77,2.0.6,14
46201-3400-207.zip,鹿児島市,46201,五ヶ別府町Ｂ,任意座標系,ver1.0,,,,,3
46201-3400-208.zip,鹿児島市,46201,五ヶ別府町Ｃ,任意座標系,ver1.0,,,,,27
46201-3400-209.zip,鹿児島市,46201,五ヶ別府町Ｄ,任意座標系,ver1.0,,,,,22
46201-3400-21.zip,鹿児島市,46201,宇宿町Ｆ,任意座標系,ver1.0,,,,,24
46201-3400-210.zip,鹿児島市,46201,五ヶ別府町Ｅ,任意座標系,ver1.0,,,,,22
46201-3400-211.zip,鹿児島市,46201,五ヶ別府町Ｆ,任意座標系,ver1.0,,,,,25
46201-3400-212.zip,鹿児島市,46201,五ヶ別府町Ｈ,任意座標系,ver1.0,,,,,19
46201-3400-213.zip,鹿児島市,46201,皇徳寺台１～５丁目,任意座標系,ver1.0,,,,,25
46201-3400-214.zip,鹿児島市,46201,皇徳寺台４・５丁目,任意座標系,ver1.0,,,,,3
46201-3400-215.zip,鹿児島市,46201,皇徳寺台５丁目,任意座標系,ver1.0,,,,,3
46201-3400-216.zip,鹿児島市,46201,高免町２,任意座標系,ver1.0,,,,,22
46201-3400-217.zip,鹿児島市,46201,黒神町,任意座標系,ver1.0,,,,,1
46201-3400-218.zip,鹿児島市,46201,黒神町２,任意座標系,ver1.0,,,,,45
46201-3400-219.zip,鹿児島市,46201,黒神町３,任意座標系,ver1.0,,,,,31
46201-3400-22.zip,鹿児島市,46201,宇宿二丁目,任意座標系,ver1.0,,,,,3
46201-3400-220.zip,鹿児島市,46201,黒神町４,任意座標系,ver1.0,,,,,30
46201-3400-221.zip,鹿児島市,46201,千年,公共座標2系,ver1.0,変換,TKY2JGD,1.3.77,2.0.6,0
46201-3400-222.zip,鹿児島市,46201,坂元町,任意座標系,ver1.0,,,,,11
46201-3400-223.zip,鹿児島市,46201,坂元町Ｂ,任意座標系,ver1.0,,,,,26
46201-3400-224.zip,鹿児島市,46201,坂元町Ｃ,任意座標系,ver1.0,,,,,27
46201-3400-225.zip,鹿児島市,46201,坂元町Ｅ,任意座標系,ver1.0,,,,,2
46201-3400-226.zip,鹿児島市,46201,桜ヶ丘８丁目Ａ,任意座標系,ver1.0,,,,,27
46201-3400-227.zip,鹿児島市,46201,桜ヶ丘８丁目Ｂ,公共座標2系,ver1.0,変換,TKY2JGD,1.3.77,2.0.6,2
46201-3400-228.zip,鹿児島市,46201,桜島町１９８２年,公共座標2系,ver1.0,変換,TKY2JGD,1.3.77,2.0.6,49
46201-3400-229.zip,鹿児島市,46201,桜島町１９８２年Ｂ,公共座標2系,ver1.0,変換,TKY2JGD,1.3.77,2.0.6,1
46201-3400-23.zip,鹿児島市,46201,岡之原町,任意座標系,ver1.0,,,,,1
46201-3400-230.zip,鹿児島市,46201,桜島町１９８３年,公共座標2系,ver1.0,変換,TKY2JGD,1.3.77,2.0.6,103
46201-3400-231.zip,鹿児島市,46201,桜島町１９８４年,公共座標2系,ver1.0,変換,TKY2JGD,1.3.77,2.0.6,80
46201-3400-232.zip,鹿児島市,46201,桜島町１９８５年,公共座標2系,ver1.0,変換,TKY2JGD,1.3.77,2.0.6,93
46201-3400-233.zip,鹿児島市,46201,桜島町１９８６年,公共座標2系,ver1.0,変換,TKY2JGD,1.3.77,2.0.6,40
46201-3400-234.zip,鹿児島市,46201,桜島町１９８７年,公共座標2系,ver1.0,変換,TKY2JGD,1.3.77,2.0.6,53
46201-3400-235.zip,鹿児島市,46201,桜島町１９８８年,公共座標2系,ver1.0,変換,TKY2JGD,1.3.77,2.0.6,51
46201-3400-236.zip,鹿児島市,46201,桜島町１９８９年,公共座標2系,ver1.0,変換,TKY2JGD,1.3.77,2.0.6,47
46201-3400-237.zip,鹿児島市,46201,桜島町１９９０年,公共座標2系,ver1.0,変換,TKY2JGD,1.3.77,2.0.6,55
46201-3400-238.zip,鹿児島市,46201,桜島町横山Ａ,任意座標系,ver1.0,,,,,16
46201-3400-239.zip,鹿児島市,46201,桜島町横山Ｂ,任意座標系,ver1.0,,,,,14
46201-3400-24.zip,鹿児島市,46201,岡之原町１Ａ,任意座標系,ver1.0,,,,,3
46201-3400-240.zip,鹿児島市,46201,桜島町横山Ｃ,任意座標系,ver1.0,,,,,14
46201-3400-241.zip,鹿児島市,46201,桜島町小池Ａ,任意座標系,ver1.0,,,,,17
46201-3400-242.zip,鹿児島市,46201,桜島町小池Ｂ,任意座標系,ver1.0,,,,,1
46201-3400-243.zip,鹿児島市,46201,桜島町松浦,任意座標系,ver1.0,,,,,9
46201-3400-244.zip,鹿児島市,46201,桜島町西道,任意座標系,ver1.0,,,,,8
46201-3400-245.zip,鹿児島市,46201,桜島町赤水,任意座標系,ver1.0,,,,,1
46201-3400-246.zip,鹿児島市,46201,桜島町赤水Ａ,任意座標系,ver1.0,,,,,16
46201-3400-247.zip,鹿児島市,46201,桜島町赤水Ｂ,任意座標系,ver1.0,,,,,15
46201-3400-248.zip,鹿児島市,46201,桜島町赤水Ｃ,任意座標系,ver1.0,,,,,15
46201-3400-249.zip,鹿児島市,46201,桜島町赤水Ｄ,任意座標系,ver1.0,,,,,15
46201-3400-25.zip,鹿児島市,46201,岡之原町１Ｄ,任意座標系,ver1.0,,,,,34
46201-3400-250.zip,鹿児島市,46201,桜島町赤水Ｅ,任意座標系,ver1.0,,,,,15
46201-3400-251.zip,鹿児島市,46201,桜島町赤生原,任意座標系,ver1.0,,,,,17
46201-3400-252.zip,鹿児島市,46201,桜島町藤野,任意座標系,ver1.0,,,,,1
46201-3400-253.zip,鹿児島市,46201,桜島町藤野Ａ,任意座標系,ver1.0,,,,,7
46201-3400-254.zip,鹿児島市,46201,桜島町二俣,任意座標系,ver1.0,,,,,9
46201-3400-255.zip,鹿児島市,46201,桜島町白濱,任意座標系,ver1.0,,,,,18
46201-3400-256.zip,鹿児島市,46201,桜島町武,任意座標系,ver1.0,,,,,10
46201-3400-257.zip,鹿児島市,46201,山田町Ｄ,任意座標系,ver1.0,,,,,28
46201-3400-258.zip,鹿児島市,46201,山田町Ｅ,任意座標系,ver1.0,,,,,11
46201-3400-259.zip,鹿児島市,46201,紫原一丁目,任意座標系,ver1.0,,,,,6
46201-3400-26.zip,鹿児島市,46201,岡之原町１Ｅ,公共座標2系,ver1.0,変換,TKY2JGD,1.3.77,2.0.6,4
46201-3400-260.zip,鹿児島市,46201,慈眼寺町,公共座標2系,ver1.0,変換,TKY2JGD,1.3.77,2.0.6,13
46201-3400-261.zip,鹿児島市,46201,持木町Ｃ,任意座標系,ver1.0,,,,,15
46201-3400-262.zip,鹿児島市,46201,自由ヶ丘１・２丁目,任意座標系,ver1.0,,,,,13
46201-3400-263.zip,鹿児島市,46201,七ツ島１・２丁目,任意座標系,ver1.0,,,,,0
46201-3400-264.zip,鹿児島市,46201,春日町（平成１１年度）,任意座標系,ver1.0,,,,,1
46201-3400-265.zip,鹿児島市,46201,小原町Ａ,任意座標系,ver1.0,,,,,15
46201-3400-266.zip,鹿児島市,46201,小原町Ｂ,公共座標2系,ver1.0,変換,TKY2JGD,1.3.77,2.0.6,3
46201-3400-267.zip,鹿児島市,46201,小山田町,公共座標2系,ver1.0,変換,TKY2JGD,1.3.77,2.0.6,6
46201-3400-268.zip,鹿児島市,46201,小山田町Ａ,公共座標2系,ver1.0,変換,TKY2JGD,1.3.77,2.0.6,2
46201-3400-269.zip,鹿児島市,46201,小山田町Ａ（平成１１年度）,任意座標系,ver1.0,,,,,18
46201-3400-27.zip,鹿児島市,46201,下伊敷３丁目（3-2・11-2）,公共座標2系,ver1.0,変換,TKY2JGD,1.3.77,2.0.6,2
46201-3400-270.zip,鹿児島市,46201,小山田町Ｂ,公共座標2系,ver1.0,変換,TKY2JGD,1.3.77,2.0.6,5
46201-3400-271.zip,鹿児島市,46201,小山田町Ｂ（平成１１年度）,任意座標系,ver1.0,,,,,18
46201-3400-272.zip,鹿児島市,46201,小山田町Ｃ,任意座標系,ver1.0,,,,,12
46201-3400-273.zip,鹿児島市,46201,小山田町Ｄ,任意座標系,ver1.0,,,,,21
46201-3400-274.zip,鹿児島市,46201,小山田町Ｅ,任意座標系,ver1.0,,,,,19
46201-3400-275.zip,鹿児島市,46201,小山田町Ｈ,任意座標系,ver1.0,,,,,17
46201-3400-276.zip,鹿児島市,46201,小山田町Ｉ,任意座標系,ver1.0,,,,,25
46201-3400-277.zip,鹿児島市,46201,小山田町Ｋ,任意座標系,ver1.0,,,,,13
46201-3400-278.zip,鹿児島市,46201,小山田町Ｌ,任意座標系,ver1.0,,,,,26
46201-3400-279.zip,鹿児島市,46201,小山田町Ｍ,任意座標系,ver1.0,,,,,25
46201-3400-28.zip,鹿児島市,46201,下伊敷町・与次郎１丁目,任意座標系,ver1.0,,,,,3
46201-3400-280.zip,鹿児島市,46201,小山田町Ｎ,任意座標系,ver1.0,,,,,22
46201-3400-281.zip,鹿児島市,46201,小山田町Ｏ,任意座標系,ver1.0,,,,,17
46201-3400-282.zip,鹿児島市,46201,小山田町Ｐ,任意座標系,ver1.0,,,,,20
46201-3400-283.zip,鹿児島市,46201,小山田町Ｑ,任意座標系,ver1.0,,,,,23
46201-3400-284.zip,鹿児島市,46201,小山田町Ｒ,任意座標系,ver1.0,,,,,18
46201-3400-285.zip,鹿児島市,46201,小山田町Ｓ,任意座標系,ver1.0,,,,,19
46201-3400-286.zip,鹿児島市,46201,小山田町Ｕ,任意座標系,ver1.0,,,,,11
46201-3400-287.zip,鹿児島市,46201,小松原２丁目,任意座標系,ver1.0,,,,,12
46201-3400-288.zip,鹿児島市,46201,小野町１８Ａ０１,公共座標2系,ver1.0,測量,,,,4
46201-3400-289.zip,鹿児島市,46201,小野町２９５・２９６,公共座標2系,ver1.0,変換,TKY2JGD,1.3.77,2.0.6,2
46201-3400-29.zip,鹿児島市,46201,下伊敷町Ｂ,任意座標系,ver1.0,,,,,26
46201-3400-290.zip,鹿児島市,46201,小野町Ｂ,任意座標系,ver1.0,,,,,27
46201-3400-291.zip,鹿児島市,46201,小野町Ｄ,任意座標系,ver1.0,,,,,27
46201-3400-292.zip,鹿児島市,46201,小野町Ｇ,任意座標系,ver1.0,,,,,19
46201-3400-293.zip,鹿児島市,46201,小野町Ｉ,任意座標系,ver1.0,,,,,27
46201-3400-294.zip,鹿児島市,46201,松元町１９７３（１／５００）,公共座標2系,ver1.0,変換,TKY2JGD,1.3.77,2.0.6,98
46201-3400-295.zip,鹿児島市,46201,松元町１９７６,公共座標2系,ver1.0,変換,TKY2JGD,1.3.77,2.0.6,40
46201-3400-296.zip,鹿児島市,46201,松元町１９７９Ｂ,公共座標2系,ver1.0,変換,TKY2JGD,1.3.77,2.0.6,56
46201-3400-297.zip,鹿児島市,46201,松元町１９８１,公共座標2系,ver1.0,変換,TKY2JGD,1.3.77,2.0.6,55
46201-3400-298.zip,鹿児島市,46201,松元町１９８２（１／１０００）,公共座標2系,ver1.0,変換,TKY2JGD,1.3.77,2.0.6,39
46201-3400-299.zip,鹿児島市,46201,松元町１９８２（１／５００）,公共座標2系,ver1.0,変換,TKY2JGD,1.3.77,2.0.6,73
46201-3400-3.zip,鹿児島市,46201,伊敷町,公共座標2系,ver1.0,変換,TKY2JGD,1.3.77,2.0.6,7
46201-3400-30.zip,鹿児島市,46201,下伊敷町Ｃ,任意座標系,ver1.0,,,,,7
46201-3400-300.zip,鹿児島市,46201,松元町１９８８,公共座標2系,ver1.0,変換,TKY2JGD,1.3.77,2.0.6,3
46201-3400-301.zip,鹿児島市,46201,松元町１９８５Ｂ,公共座標2系,ver1.0,変換,TKY2JGD,1.3.77,2.0.6,2
46201-3400-302.zip,鹿児島市,46201,松元町１９８５Ｄ（１／１０００）,公共座標2系,ver1.0,変換,TKY2JGD,1.3.77,2.0.6,8
46201-3400-303.zip,鹿児島市,46201,松元町１９８５Ｄ（１／５００）,公共座標2系,ver1.0,変換,TKY2JGD,1.3.77,2.0.6,7
46201-3400-304.zip,鹿児島市,46201,松元町１９８７Ａ,公共座標2系,ver1.0,変換,TKY2JGD,1.3.77,2.0.6,9
46201-3400-305.zip,鹿児島市,46201,松元町１９８７Ｂ,公共座標2系,ver1.0,変換,TKY2JGD,1.3.77,2.0.6,8
46201-3400-306.zip,鹿児島市,46201,松元町１９８９Ａ,公共座標2系,ver1.0,変換,TKY2JGD,1.3.77,2.0.6,1
46201-3400-307.zip,鹿児島市,46201,松元町１９８９Ｂ,公共座標2系,ver1.0,変換,TKY2JGD,1.3.77,2.0.6,3
46201-3400-308.zip,鹿児島市,46201,松元町１９８９Ｃ,公共座標2系,ver1.0,変換,TKY2JGD,1.3.77,2.0.6,4
46201-3400-309.zip,鹿児島市,46201,松元町１９８９Ｄ,公共座標2系,ver1.0,変換,TKY2JGD,1.3.77,2.0.6,3
46201-3400-31.zip,鹿児島市,46201,下荒田４丁目,任意座標系,ver1.0,,,,,1
46201-3400-310.zip,鹿児島市,46201,松元町１９８９Ｅ,公共座標2系,ver1.0,変換,TKY2JGD,1.3.77,2.0.6,2
46201-3400-311.zip,鹿児島市,46201,松元町１９９１Ａ,公共座標2系,ver1.0,変換,TKY2JGD,1.3.77,2.0.6,7
46201-3400-312.zip,鹿児島市,46201,松元町１９９１Ｂ,公共座標2系,ver1.0,測量,,,,2
46201-3400-313.zip,鹿児島市,46201,松元町１９９２,公共座標2系,ver1.0,変換,TKY2JGD,1.3.77,2.0.6,2
46201-3400-314.zip,鹿児島市,46201,松元町１９９３,公共座標2系,ver1.0,測量,,,,2
46201-3400-315.zip,鹿児島市,46201,松元町１９９４Ａ,公共座標2系,ver1.0,変換,TKY2JGD,1.3.77,2.0.6,3
46201-3400-316.zip,鹿児島市,46201,松元町１９９４Ｂ,公共座標2系,ver1.0,変換,TKY2JGD,1.3.77,2.0.6,3
46201-3400-317.zip,鹿児島市,46201,松元町１９９５Ａ,公共座標2系,ver1.0,変換,TKY2JGD,1.3.77,2.0.6,3
46201-3400-318.zip,鹿児島市,46201,松元町１９９５Ｂ,公共座標2系,ver1.0,変換,TKY2JGD,1.3.77,2.0.6,3
46201-3400-319.zip,鹿児島市,46201,松元町１９９７,公共座標2系,ver1.0,変換,TKY2JGD,1.3.77,2.0.6,3
46201-3400-32.zip,鹿児島市,46201,下田町,任意座標系,ver1.0,,,,,5
46201-3400-320.zip,鹿児島市,46201,松元町１９９９,公共座標2系,ver1.0,変換,TKY2JGD,1.3.77,2.0.6,5
46201-3400-321.zip,鹿児島市,46201,松元町２０００Ａ,公共座標2系,ver1.0,変換,TKY2JGD,1.3.77,2.0.6,17
46201-3400-322.zip,鹿児島市,46201,松元町２０００Ｂ,公共座標2系,ver1.0,変換,TKY2JGD,1.3.77,2.0.6,21
46201-3400-323.zip,鹿児島市,46201,上荒田町（6・20-2・18・22・23）,任意座標系,ver1.0,,,,,6
46201-3400-324.zip,鹿児島市,46201,上竜尾町・下竜尾町,任意座標系,ver1.0,,,,,7
46201-3400-325.zip,鹿児島市,46201,城山町,任意座標系,ver1.0,,,,,4
46201-3400-326.zip,鹿児島市,46201,城山町（０２４ー２０）,任意座標系,ver1.0,,,,,1
46201-3400-327.zip,鹿児島市,46201,城山町（平成１１年度）,任意座標系,ver1.0,,,,,3
46201-3400-328.zip,鹿児島市,46201,城南町１８Ａ０１,任意座標系,ver1.0,,,,,1
46201-3400-329.zip,鹿児島市,46201,常盤町、武岡一丁目,任意座標系,ver1.0,,,,,1
46201-3400-33.zip,鹿児島市,46201,下荒田二丁目,任意座標系,ver1.0,,,,,9
46201-3400-330.zip,鹿児島市,46201,新栄町,任意座標系,ver1.0,,,,,8
46201-3400-331.zip,鹿児島市,46201,新栄町・西紫原町・紫原４丁目・小山田町,任意座標系,ver1.0,,,,,23
46201-3400-332.zip,鹿児島市,46201,新屋敷町,任意座標系,ver1.0,,,,,7
46201-3400-333.zip,鹿児島市,46201,真砂町,任意座標系,ver1.0,,,,,7
46201-3400-334.zip,鹿児島市,46201,星ヶ峯１８Ａ０１,公共座標2系,ver1.0,測量,,,,32
46201-3400-335.zip,鹿児島市,46201,星ヶ峯１８Ａ０２,公共座標2系,ver1.0,測量,,,,2
46201-3400-336.zip,鹿児島市,46201,星ヶ峯１丁目,任意座標系,ver1.0,,,,,2
46201-3400-337.zip,鹿児島市,46201,星ヶ峯１～５丁目,任意座標系,ver1.0,,,,,13
46201-3400-338.zip,鹿児島市,46201,清水町（平成１１年度）,任意座標系,ver1.0,,,,,3
46201-3400-339.zip,鹿児島市,46201,清和１・２丁目,任意座標系,ver1.0,,,,,13
46201-3400-34.zip,鹿児島市,46201,下田町・鴨池２丁目・真砂本町,任意座標系,ver1.0,,,,,6
46201-3400-340.zip,鹿児島市,46201,川上町,公共座標2系,ver1.0,変換,TKY2JGD,1.3.77,2.0.6,6
46201-3400-341.zip,鹿児島市,46201,西別府町,任意座標系,ver1.0,,,,,1
46201-3400-342.zip,鹿児島市,46201,西別府町・西陵３丁目・田上８丁目,任意座標系,ver1.0,,,,,1
46201-3400-343.zip,鹿児島市,46201,西別府町・田上８丁目他,任意座標系,ver1.0,,,,,3
46201-3400-344.zip,鹿児島市,46201,西別府町１Ｂ,任意座標系,ver1.0,,,,,35
46201-3400-345.zip,鹿児島市,46201,西別府町Ａ,任意座標系,ver1.0,,,,,3
46201-3400-346.zip,鹿児島市,46201,西別府町Ｂ,任意座標系,ver1.0,,,,,7
46201-3400-347.zip,鹿児島市,46201,西別府町Ｃ,任意座標系,ver1.0,,,,,9
46201-3400-348.zip,鹿児島市,46201,西別府町Ｄ,任意座標系,ver1.0,,,,,6
46201-3400-349.zip,鹿児島市,46201,西別府町Ｅ,任意座標系,ver1.0,,,,,14
46201-3400-35.zip,鹿児島市,46201,下田町２,任意座標系,ver1.0,,,,,1
46201-3400-350.zip,鹿児島市,46201,西別府町Ｆ,任意座標系,ver1.0,,,,,3
46201-3400-351.zip,鹿児島市,46201,西陵１～３丁目・西別府,任意座標系,ver1.0,,,,,28
46201-3400-352.zip,鹿児島市,46201,川上町１Ｂ,任意座標系,ver1.0,,,,,30
46201-3400-353.zip,鹿児島市,46201,草牟田１丁目・２丁目・草牟田町・東郡元町,任意座標系,ver1.0,,,,,22
46201-3400-354.zip,鹿児島市,46201,谷山港１～３丁目,任意座標系,ver1.0,,,,,0
46201-3400-355.zip,鹿児島市,46201,谷山中央５丁目,公共座標2系,ver1.0,変換,TKY2JGD,1.3.77,2.0.6,15
46201-3400-356.zip,鹿児島市,46201,谷山中央６丁目,公共座標2系,ver1.0,変換,TKY2JGD,1.3.77,2.0.6,22
46201-3400-357.zip,鹿児島市,46201,谷山中央７丁目,公共座標2系,ver1.0,変換,TKY2JGD,1.3.77,2.0.6,19
46201-3400-358.zip,鹿児島市,46201,池之上町（平成１１年度）,任意座標系,ver1.0,,,,,2
46201-3400-359.zip,鹿児島市,46201,中央町,任意座標系,ver1.0,,,,,9
46201-3400-36.zip,鹿児島市,46201,吉野町,任意座標系,ver1.0,,,,,5
46201-3400-360.zip,鹿児島市,46201,中山１・２丁目,任意座標系,ver1.0,,,,,26
46201-3400-361.zip,鹿児島市,46201,中山町（法務局作成１７条）,公共座標2系,ver1.0,変換,TKY2JGD,1.3.77,2.0.6,25
46201-3400-362.zip,鹿児島市,46201,中山町Ａ,任意座標系,ver1.0,,,,,23
46201-3400-363.zip,鹿児島市,46201,中山町Ｂ２,任意座標系,ver1.0,,,,,25
46201-3400-364.zip,鹿児島市,46201,中山町Ｅ,任意座標系,ver1.0,,,,,27
46201-3400-365.zip,鹿児島市,46201,長田町,任意座標系,ver1.0,,,,,4
46201-3400-366.zip,鹿児島市,46201,天保山町,任意座標系,ver1.0,,,,,3
46201-3400-367.zip,鹿児島市,46201,天保山町（０６２ー５５８）,任意座標系,ver1.0,,,,,1
46201-3400-368.zip,鹿児島市,46201,天保山町（平成１１年度）,任意座標系,ver1.0,,,,,2
46201-3400-369.zip,鹿児島市,46201,田上・宇宿町,公共座標2系,ver1.0,変換,TKY2JGD,1.3.77,2.0.6,6
46201-3400-37.zip,鹿児島市,46201,下田町３,任意座標系,ver1.0,,,,,1
46201-3400-370.zip,鹿児島市,46201,東開町,任意座標系,ver1.0,,,,,0
46201-3400-371.zip,鹿児島市,46201,田上１丁目・２丁目・３丁目,任意座標系,ver1.0,,,,,0
46201-3400-372.zip,鹿児島市,46201,田上台1123-1,任意座標系,ver1.0,,,,,1
46201-3400-373.zip,鹿児島市,46201,田上台（数値）１８Ａ０１,公共座標2系,ver1.0,測量,,,,19
46201-3400-374.zip,鹿児島市,46201,田上町Ｂ,任意座標系,ver1.0,,,,,13
46201-3400-375.zip,鹿児島市,46201,田上町Ｃ,任意座標系,ver1.0,,,,,3
46201-3400-376.zip,鹿児島市,46201,田上町Ｄ,任意座標系,ver1.0,,,,,2
46201-3400-377.zip,鹿児島市,46201,田上町Ｅ,任意座標系,ver1.0,,,,,1
46201-3400-378.zip,鹿児島市,46201,田上町Ｆ,公共座標2系,ver1.0,変換,TKY2JGD,1.3.77,2.0.6,4
46201-3400-379.zip,鹿児島市,46201,田上町Ｈ,任意座標系,ver1.0,,,,,15
46201-3400-38.zip,鹿児島市,46201,下田町Ａ,公共座標2系,ver1.0,変換,TKY2JGD,1.3.77,2.0.6,4
46201-3400-380.zip,鹿児島市,46201,田上町Ｋ,任意座標系,ver1.0,,,,,16
46201-3400-381.zip,鹿児島市,46201,田上町Ｍ,任意座標系,ver1.0,,,,,1
46201-3400-382.zip,鹿児島市,46201,唐湊１丁目,任意座標系,ver1.0,,,,,1
46201-3400-383.zip,鹿児島市,46201,東坂元１・２・４丁目,公共座標2系,ver1.0,変換,TKY2JGD,1.3.77,2.0.6,8
46201-3400-384.zip,鹿児島市,46201,東桜島町１Ｂ,任意座標系,ver1.0,,,,,38
46201-3400-385.zip,鹿児島市,46201,東桜島町１Ｃ,任意座標系,ver1.0,,,,,1
46201-3400-386.zip,鹿児島市,46201,東谷山６丁目,公共座標2系,ver1.0,変換,TKY2JGD,1.3.77,2.0.6,18
46201-3400-387.zip,鹿児島市,46201,東谷山７丁目,公共座標2系,ver1.0,変換,TKY2JGD,1.3.77,2.0.6,10
46201-3400-388.zip,鹿児島市,46201,南新町,任意座標系,ver1.0,,,,,1
46201-3400-389.zip,鹿児島市,46201,南栄１～６丁目,任意座標系,ver1.0,,,,,1
46201-3400-39.zip,鹿児島市,46201,下田町Ｃ,任意座標系,ver1.0,,,,,25
46201-3400-390.zip,鹿児島市,46201,南新町１８Ａ０１,公共座標2系,ver1.0,変換,TKY2JGD,1.3.79,2.1.1,2
46201-3400-391.zip,鹿児島市,46201,二俣,任意座標系,ver1.0,,,,,6
46201-3400-392.zip,鹿児島市,46201,浜町,公共座標2系,ver1.0,変換,TKY2JGD,1.3.77,2.0.6,14
46201-3400-393.zip,鹿児島市,46201,浜町（１４３ー１８）,任意座標系,ver1.0,,,,,1
46201-3400-394.zip,鹿児島市,46201,浜町（平成１１年度）,任意座標系,ver1.0,,,,,4
46201-3400-395.zip,鹿児島市,46201,武岡４・５丁目,公共座標2系,ver1.0,変換,TKY2JGD,1.3.77,2.0.6,19
46201-3400-396.zip,鹿児島市,46201,武岡台地区土地区画整理,公共座標2系,ver1.0,変換,TKY2JGD,1.3.77,2.0.6,7
46201-3400-397.zip,鹿児島市,46201,武三丁目１,任意座標系,ver1.0,,,,,2
46201-3400-398.zip,鹿児島市,46201,武三丁目２,任意座標系,ver1.0,,,,,1
46201-3400-399.zip,鹿児島市,46201,武二丁目２,任意座標系,ver1.0,,,,,2
46201-3400-4.zip,鹿児島市,46201,伊敷町（１）,公共座標2系,ver1.0,変換,TKY2JGD,1.3.77,2.0.6,42
46201-3400-40.zip,鹿児島市,46201,下田町Ｅ,任意座標系,ver1.0,,,,,26
46201-3400-400.zip,鹿児島市,46201,平川町Ｃ,任意座標系,ver1.0,,,,,25
46201-3400-401.zip,鹿児島市,46201,平之町,任意座標系,ver1.0,,,,,1
46201-3400-402.zip,鹿児島市,46201,平川町Ｅ,任意座標系,ver1.0,,,,,25
46201-3400-403.zip,鹿児島市,46201,平川町Ｆ,任意座標系,ver1.0,,,,,23
46201-3400-404.zip,鹿児島市,46201,平川町Ｇ,任意座標系,ver1.0,,,,,24
46201-3400-405.zip,鹿児島市,46201,平川町Ｈ,任意座標系,ver1.0,,,,,18
46201-3400-406.zip,鹿児島市,46201,本港新町Ａ,公共座標2系,ver1.0,変換,TKY2JGD,1.3.77,2.0.6,3
46201-3400-407.zip,鹿児島市,46201,本城字久辺・木場田・岩瀬戸,公共座標2系,ver1.0,変換,TKY2JGD,1.3.77,2.0.6,4
46201-3400-408.zip,鹿児島市,46201,本城字高附・土津・他,公共座標2系,ver1.0,変換,TKY2JGD,1.3.77,2.0.6,36
46201-3400-409.zip,鹿児島市,46201,本城字坂下・前田・他,公共座標2系,ver1.0,変換,TKY2JGD,1.3.77,2.0.6,8
46201-3400-41.zip,鹿児島市,46201,下田町Ｆ,任意座標系,ver1.0,,,,,12
46201-3400-410.zip,鹿児島市,46201,本城字松平・後平・他,公共座標2系,ver1.0,変換,TKY2JGD,1.3.77,2.0.6,9
46201-3400-411.zip,鹿児島市,46201,本城字前田・桑丸,公共座標2系,ver1.0,変換,TKY2JGD,1.3.77,2.0.6,2
46201-3400-412.zip,鹿児島市,46201,本城町１８Ａ０１,任意座標系,ver1.0,,,,,4
46201-3400-413.zip,鹿児島市,46201,本名２００１,公共座標2系,ver1.0,変換,TKY2JGD,1.3.77,2.0.6,55
46201-3400-414.zip,鹿児島市,46201,本名２００２（旧吉田町）,公共座標2系,ver1.0,測量,,,,4
46201-3400-415.zip,鹿児島市,46201,本名Ａ,公共座標2系,ver1.0,変換,TKY2JGD,1.3.77,2.0.6,52
46201-3400-416.zip,鹿児島市,46201,本名Ｃ,公共座標2系,ver1.0,変換,TKY2JGD,1.3.77,2.0.6,5
46201-3400-417.zip,鹿児島市,46201,本名Ｄ,公共座標2系,ver1.0,変換,TKY2JGD,1.3.77,2.0.6,3
46201-3400-418.zip,鹿児島市,46201,本名Ｅ,公共座標2系,ver1.0,変換,TKY2JGD,1.3.77,2.0.6,6
46201-3400-419.zip,鹿児島市,46201,本名Ｆ,公共座標2系,ver1.0,変換,TKY2JGD,1.3.77,2.0.6,7
46201-3400-42.zip,鹿児島市,46201,下田町Ｇ,任意座標系,ver1.0,,,,,1
46201-3400-420.zip,鹿児島市,46201,本名Ｇ,公共座標2系,ver1.0,変換,TKY2JGD,1.3.77,2.0.6,7
46201-3400-421.zip,鹿児島市,46201,本名字安ヶ谷・戸ノ口・皮張山・小田・他,公共座標2系,ver1.0,変換,TKY2JGD,1.3.77,2.0.6,25
46201-3400-422.zip,鹿児島市,46201,本名字出口・催田・崩下・星下谷・他,公共座標2系,ver1.0,変換,TKY2JGD,1.3.77,2.0.6,26
46201-3400-423.zip,鹿児島市,46201,本名字野中・他,任意座標系,ver1.0,,,,,5
46201-3400-424.zip,鹿児島市,46201,牟礼岡,任意座標系,ver1.0,,,,,28
46201-3400-425.zip,鹿児島市,46201,本名字早馬下・上楠原・北中原・大原・他,任意座標系,ver1.0,,,,,19
46201-3400-426.zip,鹿児島市,46201,本名町１８Ａ０１,任意座標系,ver1.0,,,,,26
46201-3400-427.zip,鹿児島市,46201,野尻町Ａ,任意座標系,ver1.0,,,,,16
46201-3400-428.zip,鹿児島市,46201,野尻町Ｂ,任意座標系,ver1.0,,,,,27
46201-3400-429.zip,鹿児島市,46201,薬師２丁目,任意座標系,ver1.0,,,,,1
46201-3400-43.zip,鹿児島市,46201,下福元町・慈眼寺町,公共座標2系,ver1.0,測量,,,,6
46201-3400-430.zip,鹿児島市,46201,有村町１,任意座標系,ver1.0,,,,,37
46201-3400-431.zip,鹿児島市,46201,有村町２,任意座標系,ver1.0,,,,,21
46201-3400-432.zip,鹿児島市,46201,冷水町,任意座標系,ver1.0,,,,,4
46201-3400-433.zip,鹿児島市,46201,和田町,公共座標2系,ver1.0,変換,TKY2JGD,1.3.77,2.0.6,3
46201-3400-434.zip,鹿児島市,46201,和田２丁目,公共座標2系,ver1.0,変換,TKY2JGD,1.3.77,2.0.6,27
46201-3400-435.zip,鹿児島市,46201,伊敷町Ａ,任意座標系,ver1.0,,,,,21
46201-3400-436.zip,鹿児島市,46201,伊敷台１８Ａ０１,公共座標2系,ver1.0,変換,TKY2JGD,1.3.79,2.1.1,12
46201-3400-437.zip,鹿児島市,46201,伊敷町Ｂ,任意座標系,ver1.0,,,,,28
46201-3400-438.zip,鹿児島市,46201,宇宿一丁目,任意座標系,ver1.0,,,,,7
46201-3400-439.zip,鹿児島市,46201,宇宿町Ａ,任意座標系,ver1.0,,,,,11
46201-3400-44.zip,鹿児島市,46201,下福元町Ｂ,任意座標系,ver1.0,,,,,31
46201-3400-440.zip,鹿児島市,46201,宇宿町Ｂ,任意座標系,ver1.0,,,,,19
46201-3400-441.zip,鹿児島市,46201,宇宿町Ｅ,任意座標系,ver1.0,,,,,13
46201-3400-442.zip,鹿児島市,46201,永吉町,任意座標系,ver1.0,,,,,26
46201-3400-443.zip,鹿児島市,46201,岡之原町・伊敷町・他,公共座標2系,ver1.0,変換,TKY2JGD,1.3.77,2.0.6,4
46201-3400-444.zip,鹿児島市,46201,岡之原町１Ｂ,任意座標系,ver1.0,,,,,44
46201-3400-445.zip,鹿児島市,46201,泉町,任意座標系,ver1.0,,,,,2
46201-3400-446.zip,鹿児島市,46201,岡之原町１Ｃ,任意座標系,ver1.0,,,,,46
46201-3400-447.zip,鹿児島市,46201,卸本町,任意座標系,ver1.0,,,,,0
46201-3400-448.zip,鹿児島市,46201,下伊敷町,任意座標系,ver1.0,,,,,4
46201-3400-449.zip,鹿児島市,46201,下伊敷町Ａ,任意座標系,ver1.0,,,,,21
46201-3400-45.zip,鹿児島市,46201,下福元町Ｃ,任意座標系,ver1.0,,,,,27
46201-3400-450.zip,鹿児島市,46201,下伊敷町Ｄ,任意座標系,ver1.0,,,,,22
46201-3400-451.zip,鹿児島市,46201,魚見町,任意座標系,ver1.0,,,,,12
46201-3400-452.zip,鹿児島市,46201,下荒田一丁目,任意座標系,ver1.0,,,,,8
46201-3400-453.zip,鹿児島市,46201,下荒田三丁目,任意座標系,ver1.0,,,,,6
46201-3400-454.zip,鹿児島市,46201,下荒田四丁目,任意座標系,ver1.0,,,,,8
46201-3400-455.zip,鹿児島市,46201,下田町Ｄ,任意座標系,ver1.0,,,,,25
46201-3400-456.zip,鹿児島市,46201,下福元町Ａ,任意座標系,ver1.0,,,,,30
46201-3400-457.zip,鹿児島市,46201,下福元町Ｄ,任意座標系,ver1.0,,,,,29
46201-3400-458.zip,鹿児島市,46201,下福元町Ｆ,任意座標系,ver1.0,,,,,30
46201-3400-459.zip,鹿児島市,46201,下福元町Ｉ,任意座標系,ver1.0,,,,,27
46201-3400-46.zip,鹿児島市,46201,下福元町Ｅ,任意座標系,ver1.0,,,,,26
46201-3400-460.zip,鹿児島市,46201,下福元町Ｊ,任意座標系,ver1.0,,,,,27
46201-3400-461.zip,鹿児島市,46201,下福元町Ｋ,任意座標系,ver1.0,,,,,21
46201-3400-462.zip,鹿児島市,46201,下福元町Ｍ,任意座標系,ver1.0,,,,,27
46201-3400-463.zip,鹿児島市,46201,下福元町Ｎ,任意座標系,ver1.0,,,,,25
46201-3400-464.zip,鹿児島市,46201,下福元町Ｏ,任意座標系,ver1.0,,,,,29
46201-3400-465.zip,鹿児島市,46201,皆与志町１０ー２,任意座標系,ver1.0,,,,,7
46201-3400-466.zip,鹿児島市,46201,皆与志町１４ー１,任意座標系,ver1.0,,,,,10
46201-3400-467.zip,鹿児島市,46201,皆与志町１５ー２,任意座標系,ver1.0,,,,,7
46201-3400-468.zip,鹿児島市,46201,皆与志町５ー２,任意座標系,ver1.0,,,,,7
46201-3400-469.zip,鹿児島市,46201,皆与志町６ー２,任意座標系,ver1.0,,,,,7
46201-3400-47.zip,鹿児島市,46201,下福元町Ｇ,公共座標2系,ver1.0,変換,TKY2JGD,1.3.77,2.0.6,5
46201-3400-470.zip,鹿児島市,46201,吉田町１９８１年Ｂ,公共座標2系,ver1.0,変換,TKY2JGD,1.3.77,2.0.6,63
46201-3400-471.zip,鹿児島市,46201,吉田町本名Ｂ,公共座標2系,ver1.0,変換,TKY2JGD,1.3.77,2.0.6,74
46201-3400-472.zip,鹿児島市,46201,吉野町Ｂ,任意座標系,ver1.0,,,,,25
46201-3400-473.zip,鹿児島市,46201,吉野町Ｄ,任意座標系,ver1.0,,,,,25
46201-3400-474.zip,鹿児島市,46201,吉野町Ｆ,任意座標系,ver1.0,,,,,28
